{"version": "1.5.0", "train_s": 0.005798125999945114, "predict_1m_s": 0.005392708999920615, "throughput_mps": 185.43555753049552}
